{
  "creators": [
    {
      "affiliation": "Monash University",
      "name": "Ashton, Gregory",
      "orcid": "0000-0001-7288-2231"
    },
    {
      "affiliation": "Universitat de les Illes Balears",
      "name": "Keitel, David",
      "orcid": "0000-0002-2824-626X"
    },
    {
      "affiliation": "Albert Einstein Institute",
      "name": "Prix, Reinhard",
      "orcid": "0000-0002-3789-6424"
    },
    {
      "affiliation": "Universitat de les Illes Balears",
      "name": "Tenorio, Rodrigo",
      "orcid": "0000-0002-3582-2587"
    }
  ],
  "keywords": [
    "astrophysics",
    "data analysis",
    "gravity",
    "gravitational waves",
    "neutron stars",
    "python3",
    "ligo",
    "virgo",
    "pycuda"
  ],
  "access_right": "open",
  "license": "MIT",
  "upload_type": "software",
  "language": "eng",
  "notes": "See record https://doi.org/10.5281/zenodo.1243930 for previous versions of PyFstat up to v1.4.1.",
  "related_identifiers": [
        {
           "scheme": "url", 
           "identifier": "https://pyfstat.readthedocs.io/en/stable/",
           "relation": "isDocumentedBy",
           "resource_type": "publication-softwaredocumentation"
        }
    ]
}
